<keymap version="1" name="Emacs copy" parent="Emacs">
  <action id="$Copy">
    <keyboard-shortcut first-keystroke="alt c" />
    <keyboard-shortcut first-keystroke="escape" second-keystroke="w" />
    <keyboard-shortcut first-keystroke="meta w" />
  </action>
  <action id="$Undo">
    <keyboard-shortcut first-keystroke="shift ctrl minus" />
    <keyboard-shortcut first-keystroke="ctrl slash" />
    <keyboard-shortcut first-keystroke="ctrl x" second-keystroke="u" />
  </action>
  <action id="ChooseRunConfiguration">
    <keyboard-shortcut first-keystroke="shift alt f10" />
    <keyboard-shortcut first-keystroke="ctrl x" second-keystroke="ctrl r" />
  </action>
  <action id="Editor Copy">
    <keyboard-shortcut first-keystroke="meta w" />
  </action>
  <action id="Editor Undo">
    <keyboard-shortcut first-keystroke="ctrl x" second-keystroke="u" />
  </action>
  <action id="Generate">
    <keyboard-shortcut first-keystroke="ctrl x" second-keystroke="ctrl g" />
  </action>
  <action id="NewClass">
    <keyboard-shortcut first-keystroke="ctrl x" second-keystroke="ctrl n" />
  </action>
  <action id="NewDir">
    <keyboard-shortcut first-keystroke="ctrl x" second-keystroke="ctrl p" />
  </action>
  <action id="NewModuleInGroup">
    <keyboard-shortcut first-keystroke="ctrl x" second-keystroke="ctrl m" />
  </action>
  <action id="Scala.ShowImplicits">
    <keyboard-shortcut first-keystroke="shift ctrl alt equals" />
    <keyboard-shortcut first-keystroke="shift ctrl alt add" />
  </action>
</keymap>